Code,Tiempo,Escalas(m),Datos1(),Datos2(m),Latitude,Longitude,Sonda(m),Comment
Capturas 1,09:29:07,1093,2,Off,---,---,---,
Capturas 1,09:29:32,1091,3,Off,---,---,---,
Capturas 1,09:29:57,1091,0,Off,---,---,---,
Capturas 1,09:30:20,1090,7,Off,---,---,---,
Capturas 1,09:30:49,---,---,---,---,---,---,
Capturas 1,09:31:09,1092,2,Off,---,---,---,
Capturas 1,09:31:33,1091,9,---,---,---,---,
Capturas 1,09:31:54,1091,2,Off,---,---,---,
Capturas 1,09:32:21,1090,7,---,---,---,---,
Capturas 1,09:32:42,1090,7,Off,---,---,---,
Capturas 1,09:33:05,1090,9,Off,---,---,---,
Capturas 1,09:33:31,1091,9,---,---,---,---,
Capturas 1,09:33:53,1092,1,Off,---,---,---,
Capturas 1,09:34:16,1092,2,Off,---,---,---,
Capturas 1,09:34:43,1093,5,Off,---,---,---,
Capturas 1,09:35:07,---,Off,---,---,---,---,
Capturas 1,09:35:30,1093,3,Off,---,---,---,
Capturas 1,09:35:52,1091,8,Off,---,---,---,
Capturas 1,09:36:18,---,---,---,---,---,---,
Capturas 1,09:36:40,1091,4,Off,---,---,---,
Capturas 1,09:37:03,1092,8,Off,---,---,---,
Capturas 1,09:37:29,---,---,---,---,---,---,
Capturas 1,09:37:52,1092,0,Off,---,---,---,
Capturas 1,09:38:20,1092,6,---,---,---,---,
Capturas 1,09:38:40,1091,8,Off,---,---,---,
Capturas 1,09:39:03,1091,4,Off,---,---,---,
Capturas 1,09:39:25,1091,1,Off,---,---,---,
Capturas 1,09:39:48,1092,1,Off,---,---,---,
Capturas 1,09:40:09,1091,8,Off,---,---,---,
Capturas 1,09:40:31,1093,5,Off,---,---,---,
Capturas 1,09:40:57,1091,4,---,---,---,---,
Capturas 1,09:41:24,1091,7,---,---,---,---,
Capturas 1,09:41:45,1090,9,Off,---,---,---,
Capturas 1,09:42:09,1091,7,---,---,---,---,
Capturas 1,09:42:32,1092,7,Off,---,---,---,
Capturas 1,09:42:55,1092,9,Off,---,---,---,
Capturas 1,09:43:21,---,---,---,---,---,---,
Capturas 1,09:43:45,1091,6,---,---,---,---,
Capturas 1,09:44:07,1093,2,Off,---,---,---,
Capturas 1,09:44:31,1090,4,Off,---,---,---,
Capturas 1,09:44:54,1089,2,Off,---,---,---,
Capturas 1,09:45:20,1089,9,Off,---,---,---,
Capturas 1,09:45:45,1090,1,---,---,---,---,
Capturas 1,09:46:11,---,---,---,---,---,---,
Capturas 1,09:46:31,1090,4,Off,---,---,---,
Capturas 1,09:46:57,1095,5,Off,---,---,---,
Capturas 1,09:47:22,1092,2,Off,---,---,---,
Capturas 1,09:47:48,---,---,---,---,---,---,
Capturas 1,09:48:13,---,---,---,---,---,---,
Capturas 1,09:48:36,1094,9,---,---,---,---,
Capturas 1,09:49:02,---,---,---,---,---,---,
Capturas 1,09:49:23,1091,9,Off,---,---,---,
Capturas 1,09:49:45,1090,4,Off,---,---,---,
Capturas 1,09:50:11,1090,4,Off,---,---,---,
Capturas 1,09:50:36,1089,5,---,---,---,---,
Capturas 1,09:51:00,1090,9,---,---,---,---,
Capturas 1,09:51:21,1091,4,Off,---,---,---,
Capturas 1,09:51:48,1092,2,Off,---,---,---,
Capturas 1,09:52:10,1091,2,Off,---,---,---,
Capturas 1,09:52:34,1091,2,Off,---,---,---,
Capturas 1,09:52:57,1094,9,Off,---,---,---,
Capturas 1,09:53:25,---,---,---,---,---,---,
Capturas 1,09:53:53,---,---,---,---,---,---,
Capturas 1,09:54:19,---,---,---,---,---,---,
Capturas 1,09:54:43,1093,3,---,---,---,---,
Capturas 1,09:55:08,1098,1,Off,---,---,---,
Capturas 1,09:55:30,1091,9,Off,---,---,---,
Capturas 1,09:55:53,1092,4,---,---,---,---,
Capturas 1,09:56:19,---,---,---,---,---,---,
Capturas 1,09:56:43,---,---,---,---,---,---,
Capturas 1,09:57:07,1091,4,---,---,---,---,
Capturas 1,09:57:33,---,---,---,---,---,---,
Capturas 1,09:58:01,---,---,---,---,---,---,
Capturas 1,09:58:24,1091,4,Off,---,---,---,
Capturas 1,09:58:51,---,---,---,---,---,---,
Capturas 1,09:59:14,1091,2,Off,---,---,---,
Capturas 1,09:59:38,1091,2,Off,---,---,---,
Capturas 1,10:00:06,1091,6,Off,---,---,---,
Capturas 1,10:00:34,1092,7,Off,---,---,---,
Capturas 1,10:01:02,---,---,---,---,---,---,
Capturas 1,10:01:24,1093,8,Off,---,---,---,
Capturas 1,10:01:52,---,---,---,---,---,---,
Capturas 1,10:02:19,---,---,---,---,---,---,
Capturas 1,10:02:40,1092,3,---,---,---,---,
Capturas 1,10:03:03,1092,4,Off,---,---,---,
Capturas 1,10:03:31,---,---,---,---,---,---,
Capturas 1,10:03:56,---,---,---,---,---,---,
Capturas 1,10:04:18,1092,7,Off,---,---,---,
Capturas 1,10:04:41,1092,6,---,---,---,---,
Capturas 1,10:05:03,1092,6,---,---,---,---,
Capturas 1,10:05:29,---,---,---,---,---,---,
Capturas 1,10:05:52,1091,8,Off,---,---,---,
Capturas 1,10:06:15,1091,6,Off,---,---,---,
Capturas 1,10:06:41,---,---,---,---,---,---,
Capturas 1,10:07:04,1094,6,---,---,---,---,
Capturas 1,10:07:25,1093,3,---,---,---,---,
Capturas 1,10:07:46,1093,5,Off,---,---,---,
Capturas 1,10:08:11,1093,5,Off,---,---,---,
Capturas 1,10:08:34,1095,6,Off,---,---,---,
Capturas 1,10:09:02,---,---,---,---,---,---,
Capturas 1,10:09:26,1094,2,---,---,---,---,
Capturas 1,10:09:48,1091,4,Off,---,---,---,
Capturas 1,10:10:15,---,---,---,---,---,---,
Capturas 1,10:10:43,---,---,---,---,---,---,
Capturas 1,10:11:05,1097,2,Off,---,---,---,
Capturas 1,10:11:28,1093,6,Off,---,---,---,
Capturas 1,10:11:52,1090,2,Off,---,---,---,
Capturas 1,10:12:18,---,---,---,---,---,---,
Capturas 1,10:12:46,---,---,---,---,---,---,
Capturas 1,10:13:13,---,---,---,---,---,---,
Capturas 1,10:13:41,---,---,---,---,---,---,
Capturas 1,10:14:08,---,---,---,---,---,---,
Capturas 1,10:14:33,---,---,---,---,---,---,
Capturas 1,10:14:58,---,---,---,---,---,---,
Capturas 1,10:15:26,---,---,---,---,---,---,
Capturas 1,10:15:55,---,---,---,---,---,---,
Capturas 1,10:16:22,---,---,---,---,---,---,
Capturas 1,10:16:46,---,---,---,---,---,---,
Capturas 1,10:17:07,---,---,---,---,---,---,
Capturas 1,10:17:38,---,---,---,---,---,---,
Capturas 1,10:18:00,696,5,Off,---,---,---,
Capturas 1,10:18:24,672,1,Off,---,---,---,
Capturas 1,10:18:56,---,---,---,---,---,---,
Capturas 1,10:19:18,616,1,Off,---,---,---,
Capturas 1,10:19:42,591,9,Off,---,---,---,
Capturas 1,10:20:07,566,2,---,---,---,---,
Capturas 1,10:20:32,537,8,Off,---,---,---,
Capturas 1,10:21:00,---,---,---,---,---,---,
Capturas 1,10:21:24,---,---,---,---,---,---,
Capturas 1,10:21:46,447,9,Off,---,---,---,
Capturas 1,10:22:08,422,8,Off,---,---,---,
Capturas 1,10:22:31,395,9,Off,---,---,---,
Capturas 1,10:22:59,---,---,---,---,---,---,
Capturas 1,10:23:24,---,---,---,---,---,---,
Capturas 1,10:23:46,318,7,Off,---,---,---,
Capturas 1,10:24:11,299,1,Off,---,---,---,
Capturas 1,10:24:35,281,8,Off,---,---,---,
Capturas 1,10:24:59,262,5,Off,---,---,---,
Capturas 1,10:25:22,244,2,Off,---,---,---,
Capturas 1,10:25:47,223,7,Off,---,---,---,
Capturas 1,10:26:11,202,0,Off,---,---,---,
Capturas 1,10:26:34,180,5,Off,---,---,---,
Capturas 1,10:26:58,162,3,Off,---,---,---,
Capturas 1,10:27:22,149,0,Off,---,---,---,
Capturas 1,10:27:48,146,0,Off,---,---,---,
Capturas 1,10:28:16,146,9,Off,---,---,---,
Capturas 1,10:28:44,141,9,Off,---,---,---,
Capturas 1,10:29:12,134,9,Off,---,---,---,
Capturas 1,10:29:44,---,---,---,---,---,---,
Capturas 1,10:30:09,82,5,Off,---,---,---,
Capturas 1,10:30:42,---,---,---,---,---,---,
Capturas 1,10:31:07,63,0,Off,---,---,---,
Capturas 1,10:31:35,61,3,Off,---,---,---,
Capturas 1,10:32:02,50,1,Off,---,---,---,
Capturas 1,10:32:30,45,1,Off,---,---,---,
Capturas 1,10:32:58,39,2,Off,---,---,---,
Capturas 1,10:33:26,35,8,Off,---,---,---,
Capturas 1,10:33:54,28,9,Off,---,---,---,
Capturas 1,10:34:22,20,4,Off,---,---,---,
Capturas 1,10:34:50,14,7,Off,---,---,---,
Capturas 1,10:35:18,11,8,Off,---,---,---,
Capturas 1,10:35:46,9,4,Off,---,---,---,
Capturas 1,10:36:19,---,---,---,---,---,---,
Capturas 1,10:36:48,---,---,---,---,---,---,
Capturas 1,10:37:17,---,---,---,---,---,---,
Capturas 1,10:37:47,---,---,---,---,---,---,
Capturas 1,10:38:16,---,---,---,---,---,---,
Capturas 1,10:38:45,---,---,---,---,---,---,
Capturas 1,10:39:15,---,---,---,---,---,---,
Capturas 1,10:39:44,---,---,---,---,---,---,
Capturas 1,10:40:14,---,---,---,---,---,---,
Capturas 1,10:40:43,---,---,---,---,---,---,
Capturas 1,10:41:12,---,---,---,---,---,---,
Capturas 1,10:41:42,---,---,---,---,---,---,
Capturas 1,10:42:11,---,---,---,---,---,---,
Capturas 1,10:42:41,---,---,---,---,---,---,
Capturas 1,10:43:10,---,---,---,---,---,---,
Capturas 1,10:43:39,---,---,---,---,---,---,
Capturas 1,10:44:09,---,---,---,---,---,---,
Capturas 1,10:44:38,---,---,---,---,---,---,
Capturas 1,10:45:07,---,---,---,---,---,---,
Capturas 1,10:45:37,---,---,---,---,---,---,
Capturas 1,10:46:06,---,---,---,---,---,---,
Capturas 1,10:46:36,---,---,---,---,---,---,
Capturas 1,10:47:05,---,---,---,---,---,---,
Capturas 1,10:47:34,---,---,---,---,---,---,
Capturas 1,10:48:04,---,---,---,---,---,---,
Capturas 1,10:48:33,---,---,---,---,---,---,
Capturas 1,10:49:02,---,---,---,---,---,---,
Capturas 1,10:49:32,---,---,---,---,---,---,
Capturas 1,10:49:57,23,7,Off,---,---,---,
Capturas 1,10:50:29,---,---,---,---,---,---,
Capturas 1,10:50:59,---,---,---,---,---,---,
Capturas 1,10:51:23,152,8,Off,---,---,---,
Capturas 1,10:51:56,---,---,---,---,---,---,
Capturas 1,10:52:21,---,---,---,---,---,---,
Capturas 1,10:52:46,---,---,---,---,---,---,
Capturas 1,10:53:08,243,7,---,---,---,---,
Capturas 1,10:53:30,---,---,---,---,---,---,
Capturas 1,10:53:53,347,6,---,---,---,---,
Capturas 1,10:54:19,---,---,---,---,---,---,
Capturas 1,10:54:39,---,---,---,---,---,---,
Capturas 1,10:55:00,501,6,---,---,---,---,
Capturas 1,10:55:23,---,---,---,---,---,---,
Capturas 1,10:55:47,---,---,---,---,---,---,
Capturas 1,10:56:11,---,---,---,---,---,---,
Capturas 1,10:56:38,---,---,---,---,---,---,
Capturas 1,10:57:03,---,---,---,---,---,---,
Capturas 1,10:57:26,---,---,---,---,---,---,
Capturas 1,10:57:51,900,8,Off,---,---,---,
Capturas 1,10:58:17,901,4,Off,---,---,---,
Capturas 1,10:58:44,902,4,Off,---,---,---,
Capturas 1,10:59:08,901,5,Off,---,---,---,
Capturas 1,10:59:32,905,2,Off,---,---,---,
Capturas 1,10:59:57,907,3,Off,---,---,---,
Capturas 1,11:00:22,907,9,Off,---,---,---,
Capturas 1,11:00:47,908,9,Off,---,---,---,
Capturas 1,11:01:13,908,8,Off,---,---,---,
Capturas 1,11:01:37,908,4,---,---,---,---,
Capturas 1,11:01:58,908,2,Off,---,---,---,
Capturas 1,11:02:21,907,2,Off,---,---,---,
Capturas 1,11:02:45,907,3,Off,---,---,---,
Capturas 1,11:03:09,907,5,Off,---,---,---,
Capturas 1,11:03:32,907,3,Off,---,---,---,
Capturas 1,11:03:57,908,7,---,---,---,---,
Capturas 1,11:04:19,908,6,---,---,---,---,
Capturas 1,11:04:41,907,9,Off,---,---,---,
Capturas 1,11:05:05,908,2,Off,---,---,---,
Capturas 1,11:05:27,907,4,Off,---,---,---,
Capturas 1,11:05:55,---,---,---,---,---,---,
Capturas 1,11:06:18,909,2,Off,---,---,---,
Capturas 1,11:06:42,908,0,---,---,---,---,
Capturas 1,11:07:05,908,2,---,---,---,---,
Capturas 1,11:07:26,910,3,Off,---,---,---,
Capturas 1,11:07:53,---,---,---,---,---,---,
Capturas 1,11:08:13,907,6,Off,---,---,---,
Capturas 1,11:08:38,908,6,---,---,---,---,
Capturas 1,11:08:59,908,6,Off,---,---,---,
Capturas 1,11:09:22,907,3,Off,---,---,---,
Capturas 1,11:09:47,909,6,Off,---,---,---,
Capturas 1,11:10:13,908,3,Off,---,---,---,
Capturas 1,11:10:37,908,2,---,---,---,---,
Capturas 1,11:10:59,908,1,Off,---,---,---,
Capturas 1,11:11:23,908,2,Off,---,---,---,
Capturas 1,11:11:46,908,1,Off,---,---,---,
Capturas 1,11:12:13,---,---,---,---,---,---,
Capturas 1,11:12:37,---,---,---,---,---,---,
Capturas 1,11:12:59,908,8,Off,---,---,---,
Capturas 1,11:13:22,909,9,Off,---,---,---,
Capturas 1,11:13:45,909,5,Off,---,---,---,
Capturas 1,11:14:09,908,5,---,---,---,---,
Capturas 1,11:14:35,---,---,---,---,---,---,
Capturas 1,11:14:57,910,0,---,---,---,---,
Capturas 1,11:15:18,909,0,Off,---,---,---,
Capturas 1,11:15:44,---,---,---,---,---,---,
Capturas 1,11:16:10,---,---,---,---,---,---,
Capturas 1,11:16:31,912,6,Off,---,---,---,
Capturas 1,11:16:58,---,---,---,---,---,---,
Capturas 1,11:17:19,909,5,Off,---,---,---,
Capturas 1,11:17:44,909,1,---,---,---,---,
Capturas 1,11:18:09,---,---,---,---,---,---,
Capturas 1,11:18:33,---,---,---,---,---,---,
Capturas 1,11:18:58,---,---,---,---,---,---,
Capturas 1,11:19:23,---,---,---,---,---,---,
Capturas 1,11:19:47,907,5,---,---,---,---,
Capturas 1,11:20:11,908,0,---,---,---,---,
Capturas 1,11:20:38,---,---,---,---,---,---,
Capturas 1,11:21:02,908,2,---,---,---,---,
Capturas 1,11:21:26,908,1,---,---,---,---,
Capturas 1,11:21:50,910,2,Off,---,---,---,
Capturas 1,11:22:14,909,0,---,---,---,---,
Capturas 1,11:22:36,908,1,Off,---,---,---,
Capturas 1,11:23:02,---,---,---,---,---,---,
Capturas 1,11:23:23,908,6,Off,---,---,---,
Capturas 1,11:23:45,909,0,Off,---,---,---,
Capturas 1,11:24:12,---,---,---,---,---,---,
Capturas 1,11:24:34,909,2,Off,---,---,---,
Capturas 1,11:25:00,---,---,---,---,---,---,
Capturas 1,11:25:27,---,---,---,---,---,---,
Capturas 1,11:25:50,---,---,---,---,---,---,
Capturas 1,11:26:13,908,1,Off,---,---,---,
Capturas 1,11:26:39,---,---,---,---,---,---,
Capturas 1,11:27:05,---,---,---,---,---,---,
Capturas 1,11:27:25,---,---,---,---,---,---,
Capturas 1,11:27:52,---,---,---,---,---,---,
Capturas 1,11:28:13,908,7,---,---,---,---,
Capturas 1,11:28:40,---,---,---,---,---,---,
Capturas 1,11:29:01,908,9,---,---,---,---,
Capturas 1,11:29:23,910,1,Off,---,---,---,
Capturas 1,11:29:49,---,---,---,---,---,---,
Capturas 1,11:30:12,909,5,Off,---,---,---,
Capturas 1,11:30:37,909,5,---,---,---,---,
Capturas 1,11:30:59,910,2,---,---,---,---,
Capturas 1,11:31:23,---,---,---,---,---,---,
Capturas 1,11:31:48,---,---,---,---,---,---,
Capturas 1,11:32:13,---,---,---,---,---,---,
Capturas 1,11:32:37,915,9,Off,---,---,---,
Capturas 1,11:33:06,---,---,---,---,---,---,
Capturas 1,11:33:32,---,---,---,---,---,---,
Capturas 1,11:33:58,---,---,---,---,---,---,
Capturas 1,11:34:22,---,---,---,---,---,---,
Capturas 1,11:34:47,---,---,---,---,---,---,
Capturas 1,11:35:13,---,---,---,---,---,---,
Capturas 1,11:35:34,910,1,Off,---,---,---,
Capturas 1,11:35:58,908,7,Off,---,---,---,
Capturas 1,11:36:23,---,---,---,---,---,---,
Capturas 1,11:36:46,909,5,Off,---,---,---,
Capturas 1,11:37:11,909,1,Off,---,---,---,
Capturas 1,11:37:35,908,3,---,---,---,---,
Capturas 1,11:37:59,---,---,---,---,---,---,
Capturas 1,11:38:26,---,---,---,---,---,---,
Capturas 1,11:38:50,908,1,---,---,---,---,
Capturas 1,11:39:15,---,---,---,---,---,---,
Capturas 1,11:39:40,---,---,---,---,---,---,
Capturas 1,11:40:05,---,---,---,---,---,---,
Capturas 1,11:40:27,909,4,Off,---,---,---,
Capturas 1,11:40:54,---,---,---,---,---,---,
Capturas 1,11:41:18,911,4,---,---,---,---,
Capturas 1,11:41:40,909,2,---,---,---,---,
Capturas 1,11:42:01,909,7,---,---,---,---,
Capturas 1,11:42:26,---,---,---,---,---,---,
Capturas 1,11:42:52,---,---,---,---,---,---,
Capturas 1,11:43:17,---,---,---,---,---,---,
Capturas 1,11:43:38,910,2,Off,---,---,---,
Capturas 1,11:44:02,912,8,---,---,---,---,
Capturas 1,11:44:26,---,---,---,---,---,---,
Capturas 1,11:44:49,909,8,---,---,---,---,
Capturas 1,11:45:15,---,---,---,---,---,---,
Capturas 1,11:45:36,910,6,Off,---,---,---,
Capturas 1,11:45:58,910,9,Off,---,---,---,
Capturas 1,11:46:23,910,3,---,---,---,---,
Capturas 1,11:46:45,910,5,Off,---,---,---,
Capturas 1,11:47:10,910,7,---,---,---,---,
Capturas 1,11:47:31,910,6,Off,---,---,---,
Capturas 1,11:47:56,913,9,Off,---,---,---,
Capturas 1,11:48:20,910,3,Off,---,---,---,
Capturas 1,11:48:47,---,---,---,---,---,---,
Capturas 1,11:49:08,910,2,Off,---,---,---,
Capturas 1,11:49:31,910,5,Off,---,---,---,
Capturas 1,11:49:56,---,---,---,---,---,---,
Capturas 1,11:50:21,---,---,---,---,---,---,
Capturas 1,11:50:48,---,---,---,---,---,---,
Capturas 1,11:51:09,912,2,Off,---,---,---,
Capturas 1,11:51:32,908,9,Off,---,---,---,
Capturas 1,11:51:54,909,8,Off,---,---,---,
Capturas 1,11:52:17,911,3,Off,---,---,---,
Capturas 1,11:52:42,910,4,---,---,---,---,
Capturas 1,11:53:04,910,0,Off,---,---,---,
Capturas 1,11:53:28,910,7,---,---,---,---,
Capturas 1,11:53:50,909,7,---,---,---,---,
Capturas 1,11:54:12,914,4,Off,---,---,---,
Capturas 1,11:54:36,909,2,---,---,---,---,
Capturas 1,11:54:58,908,7,---,---,---,---,
Capturas 1,11:55:20,911,2,Off,---,---,---,
Capturas 1,11:55:44,909,4,Off,---,---,---,
Capturas 1,11:56:08,909,6,---,---,---,---,
Capturas 1,11:56:30,911,0,Off,---,---,---,
Capturas 1,11:56:53,909,5,Off,---,---,---,
Capturas 1,11:57:16,910,2,Off,---,---,---,
Capturas 1,11:57:39,---,Off,---,---,---,---,
Capturas 1,11:58:04,910,4,Off,---,---,---,
Capturas 1,11:58:31,---,---,---,---,---,---,
Capturas 1,11:58:53,910,2,---,---,---,---,
Capturas 1,11:59:15,910,4,Off,---,---,---,
Capturas 1,11:59:42,---,---,---,---,---,---,
Capturas 1,12:00:03,910,4,Off,---,---,---,
Capturas 1,12:00:26,910,5,Off,---,---,---,
Capturas 1,12:00:53,---,---,---,---,---,---,
Capturas 1,12:01:14,910,5,Off,---,---,---,
Capturas 1,12:01:37,910,9,Off,---,---,---,
Capturas 1,12:02:01,910,4,Off,---,---,---,
Capturas 1,12:02:24,910,7,Off,---,---,---,
Capturas 1,12:02:47,911,1,Off,---,---,---,
Capturas 1,12:03:10,910,3,Off,---,---,---,
Capturas 1,12:03:33,910,2,Off,---,---,---,
Capturas 1,12:03:57,909,8,Off,---,---,---,
Capturas 1,12:04:21,911,6,Off,---,---,---,
Capturas 1,12:04:44,909,9,Off,---,---,---,
Capturas 1,12:05:07,909,8,Off,---,---,---,
Capturas 1,12:05:30,910,0,Off,---,---,---,
Capturas 1,12:05:55,911,5,Off,---,---,---,
Capturas 1,12:06:18,910,3,Off,---,---,---,
Capturas 1,12:06:41,909,8,Off,---,---,---,
Capturas 1,12:07:04,909,8,Off,---,---,---,
Capturas 1,12:07:30,911,9,Off,---,---,---,
Capturas 1,12:07:53,910,3,Off,---,---,---,
Capturas 1,12:08:17,910,3,---,---,---,---,
Capturas 1,12:08:39,910,0,---,---,---,---,
Capturas 1,12:09:02,911,1,---,---,---,---,
Capturas 1,12:09:28,---,---,---,---,---,---,
Capturas 1,12:09:50,910,3,Off,---,---,---,
Capturas 1,12:10:14,910,3,Off,---,---,---,
Capturas 1,12:10:39,910,0,---,---,---,---,
Capturas 1,12:11:01,911,3,Off,---,---,---,
Capturas 1,12:11:25,911,5,Off,---,---,---,
Capturas 1,12:11:48,911,0,Off,---,---,---,
Capturas 1,12:12:10,911,1,Off,---,---,---,
Capturas 1,12:12:32,911,1,Off,---,---,---,
Capturas 1,12:12:56,911,8,---,---,---,---,
Capturas 1,12:13:20,910,7,Off,---,---,---,
Capturas 1,12:13:43,911,2,Off,---,---,---,
Capturas 1,12:14:09,916,5,---,---,---,---,
Capturas 1,12:14:31,910,4,Off,---,---,---,
Capturas 1,12:14:54,910,6,Off,---,---,---,
Capturas 1,12:15:18,910,3,Off,---,---,---,
Capturas 1,12:15:41,912,0,Off,---,---,---,
Capturas 1,12:16:07,---,---,---,---,---,---,
Capturas 1,12:16:29,911,1,Off,---,---,---,
Capturas 1,12:16:52,909,8,Off,---,---,---,
Capturas 1,12:17:17,910,2,Off,---,---,---,
Capturas 1,12:17:41,910,9,---,---,---,---,
Capturas 1,12:18:05,---,---,---,---,---,---,
Capturas 1,12:18:26,909,8,Off,---,---,---,
Capturas 1,12:18:48,912,0,Off,---,---,---,
Capturas 1,12:19:10,913,7,Off,---,---,---,
Capturas 1,12:19:33,910,7,Off,---,---,---,
Capturas 1,12:19:57,910,2,---,---,---,---,
Capturas 1,12:20:18,909,6,Off,---,---,---,
Capturas 1,12:20:41,909,7,Off,---,---,---,
Capturas 1,12:21:04,909,4,Off,---,---,---,
Capturas 1,12:21:27,908,7,Off,---,---,---,
Capturas 1,12:21:52,---,---,---,---,---,---,
Capturas 1,12:22:18,---,---,---,---,---,---,
Capturas 1,12:22:41,---,---,---,---,---,---,
Capturas 1,12:23:05,907,8,Off,---,---,---,
Capturas 1,12:23:31,908,4,---,---,---,---,
Capturas 1,12:23:52,907,9,Off,---,---,---,
Capturas 1,12:24:19,908,9,Off,---,---,---,
Capturas 1,12:24:41,908,4,Off,---,---,---,
Capturas 1,12:25:04,909,4,Off,---,---,---,
Capturas 1,12:25:27,908,0,Off,---,---,---,
Capturas 1,12:25:49,908,4,Off,---,---,---,
Capturas 1,12:26:13,909,4,---,---,---,---,
Capturas 1,12:26:37,---,---,---,---,---,---,
Capturas 1,12:26:57,908,3,Off,---,---,---,
Capturas 1,12:27:18,909,2,Off,---,---,---,
Capturas 1,12:27:42,909,0,Off,---,---,---,
Capturas 1,12:28:06,908,6,Off,---,---,---,
Capturas 1,12:28:30,908,1,Off,---,---,---,
Capturas 1,12:28:54,---,Off,---,---,---,---,
Capturas 1,12:29:17,912,8,Off,---,---,---,
Capturas 1,12:29:38,908,3,Off,---,---,---,
Capturas 1,12:30:03,---,Off,---,---,---,---,
Capturas 1,12:30:27,910,2,Off,---,---,---,
Capturas 1,12:30:50,909,0,Off,---,---,---,
Capturas 1,12:31:12,909,7,Off,---,---,---,
Capturas 1,12:31:35,908,7,Off,---,---,---,
Capturas 1,12:31:57,908,6,Off,---,---,---,
Capturas 1,12:32:21,909,1,---,---,---,---,
Capturas 1,12:32:44,908,5,Off,---,---,---,
Capturas 1,12:33:09,---,---,---,---,---,---,
Capturas 1,12:33:28,909,8,Off,---,---,---,
Capturas 1,12:33:50,908,5,Off,---,---,---,
Capturas 1,12:34:14,909,1,Off,---,---,---,
Capturas 1,12:34:37,909,1,Off,---,---,---,
Capturas 1,12:35:02,909,2,Off,---,---,---,
Capturas 1,12:35:29,---,---,---,---,---,---,
Capturas 1,12:35:50,915,0,Off,---,---,---,
Capturas 1,12:36:16,909,3,Off,---,---,---,
Capturas 1,12:36:40,909,4,Off,---,---,---,
Capturas 1,12:37:05,909,7,Off,---,---,---,
Capturas 1,12:37:32,909,8,Off,---,---,---,
Capturas 1,12:37:57,909,4,---,---,---,---,
Capturas 1,12:38:18,909,6,Off,---,---,---,
Capturas 1,12:38:44,---,---,---,---,---,---,
Capturas 1,12:39:08,909,4,Off,---,---,---,
Capturas 1,12:39:31,909,2,Off,---,---,---,
Capturas 1,12:39:56,909,0,Off,---,---,---,
Capturas 1,12:40:19,910,1,Off,---,---,---,
Capturas 1,12:40:44,909,7,Off,---,---,---,
Capturas 1,12:41:09,---,---,---,---,---,---,
Capturas 1,12:41:30,913,4,Off,---,---,---,
Capturas 1,12:41:56,909,8,---,---,---,---,
Capturas 1,12:42:20,909,7,Off,---,---,---,
Capturas 1,12:42:45,914,3,Off,---,---,---,
Capturas 1,12:43:11,911,2,Off,---,---,---,
Capturas 1,12:43:36,---,---,---,---,---,---,
Capturas 1,12:43:56,909,2,---,---,---,---,
Capturas 1,12:44:21,909,1,Off,---,---,---,
Capturas 1,12:44:47,909,2,---,---,---,---,
Capturas 1,12:45:09,909,0,---,---,---,---,
Capturas 1,12:45:32,909,9,---,---,---,---,
Capturas 1,12:45:54,911,8,Off,---,---,---,
Capturas 1,12:46:19,909,7,---,---,---,---,
Capturas 1,12:46:42,910,0,---,---,---,---,
Capturas 1,12:47:06,909,3,---,---,---,---,
Capturas 1,12:47:29,909,2,---,---,---,---,
Capturas 1,12:47:51,909,4,Off,---,---,---,
Capturas 1,12:48:16,911,3,---,---,---,---,
Capturas 1,12:48:35,911,8,Off,---,---,---,
Capturas 1,12:49:00,911,9,Off,---,---,---,
Capturas 1,12:49:24,911,3,Off,---,---,---,
Capturas 1,12:49:48,910,9,Off,---,---,---,
Capturas 1,12:50:12,908,1,Off,---,---,---,
Capturas 1,12:50:39,---,---,---,---,---,---,
Capturas 1,12:51:09,---,---,---,---,---,---,
Capturas 1,12:51:38,---,---,---,---,---,---,
Capturas 1,12:52:01,---,---,---,---,---,---,
Capturas 1,12:52:26,---,---,---,---,---,---,
Capturas 1,12:52:54,---,---,---,---,---,---,
Capturas 1,12:53:15,---,---,---,---,---,---,
Capturas 1,12:53:38,649,2,Off,---,---,---,
Capturas 1,12:54:02,622,0,Off,---,---,---,
Capturas 1,12:54:24,595,3,Off,---,---,---,
Capturas 1,12:54:48,565,5,Off,---,---,---,
Capturas 1,12:55:12,535,6,Off,---,---,---,
Capturas 1,12:55:35,505,4,Off,---,---,---,
Capturas 1,12:56:01,475,7,Off,---,---,---,
Capturas 1,12:56:24,446,2,Off,---,---,---,
Capturas 1,12:56:46,419,6,Off,---,---,---,
Capturas 1,12:57:12,385,5,Off,---,---,---,
Capturas 1,12:57:36,356,8,Off,---,---,---,
Capturas 1,12:58:05,---,---,---,---,---,---,
Capturas 1,12:58:26,298,2,Off,---,---,---,
Capturas 1,12:58:49,274,3,Off,---,---,---,
Capturas 1,12:59:13,251,9,Off,---,---,---,
Capturas 1,12:59:36,232,7,Off,---,---,---,
Capturas 1,13:00:00,215,3,Off,---,---,---,
Capturas 1,13:00:24,197,0,Off,---,---,---,
Capturas 1,13:00:49,175,4,Off,---,---,---,
Capturas 1,13:01:12,158,7,Off,---,---,---,
Capturas 1,13:01:36,146,4,Off,---,---,---,
Capturas 1,13:02:04,147,4,Off,---,---,---,
Capturas 1,13:02:32,143,8,Off,---,---,---,
Capturas 1,13:03:00,127,2,Off,---,---,---,
Capturas 1,13:03:28,110,1,Off,---,---,---,
Capturas 1,13:03:56,89,8,Off,---,---,---,
Capturas 1,13:04:24,63,1,Off,---,---,---,
Capturas 1,13:04:51,62,8,Off,---,---,---,
Capturas 1,13:05:19,62,7,Off,---,---,---,
Capturas 1,13:05:47,54,9,Off,---,---,---,
Capturas 1,13:06:15,48,1,Off,---,---,---,
Capturas 1,13:06:48,---,---,---,---,---,---,
Capturas 1,13:07:13,37,7,Off,---,---,---,
Capturas 1,13:07:41,34,9,Off,---,---,---,
Capturas 1,13:08:13,---,---,---,---,---,---,
Capturas 1,13:08:43,---,---,---,---,---,---,
Capturas 1,13:09:07,12,8,Off,---,---,---,
Capturas 1,13:09:35,11,1,Off,---,---,---,
Capturas 1,13:10:08,---,---,---,---,---,---,
Capturas 1,13:10:37,---,---,---,---,---,---,
Capturas 1,13:11:07,---,---,---,---,---,---,
Capturas 1,13:11:36,---,---,---,---,---,---,
Capturas 1,13:12:05,---,---,---,---,---,---,
Capturas 1,13:12:35,---,---,---,---,---,---,
Capturas 1,13:13:04,---,---,---,---,---,---,
Capturas 1,13:13:34,---,---,---,---,---,---,
Capturas 1,13:14:03,---,---,---,---,---,---,
Capturas 1,13:14:32,---,---,---,---,---,---,
Capturas 1,13:15:03,---,---,---,---,---,---,
Capturas 1,13:15:33,---,---,---,---,---,---,
Capturas 1,13:16:02,---,---,---,---,---,---,
Capturas 1,13:16:31,---,---,---,---,---,---,
Capturas 1,13:17:01,---,---,---,---,---,---,
Capturas 1,13:17:30,---,---,---,---,---,---,
Capturas 1,13:17:59,---,---,---,---,---,---,
Capturas 1,13:18:29,---,---,---,---,---,---,
Capturas 1,13:18:58,---,---,---,---,---,---,
Capturas 1,13:19:28,---,---,---,---,---,---,
Capturas 1,13:19:57,---,---,---,---,---,---,
Capturas 1,13:20:26,---,---,---,---,---,---,
Capturas 1,13:20:56,---,---,---,---,---,---,
Capturas 1,13:21:25,---,---,---,---,---,---,
Capturas 1,13:21:54,---,---,---,---,---,---,
Capturas 1,13:22:24,---,---,---,---,---,---,
Capturas 1,13:22:53,---,---,---,---,---,---,
Capturas 1,13:23:23,---,---,---,---,---,---,
Capturas 1,13:23:52,---,---,---,---,---,---,
Capturas 1,13:24:21,---,---,---,---,---,---,
Capturas 1,13:24:51,---,---,---,---,---,---,
Capturas 1,13:25:20,---,---,---,---,---,---,
Capturas 1,13:25:50,---,---,---,---,---,---,
Capturas 1,13:26:19,---,---,---,---,---,---,
Capturas 1,13:26:48,---,---,---,---,---,---,
Capturas 1,13:27:18,---,---,---,---,---,---,
Capturas 1,13:27:47,---,---,---,---,---,---,
Capturas 1,13:28:16,---,---,---,---,---,---,
Capturas 1,13:28:46,---,---,---,---,---,---,
Capturas 1,13:29:11,118,2,Off,---,---,---,
Capturas 1,13:29:36,153,1,Off,---,---,---,
Capturas 1,13:30:05,---,---,---,---,---,---,
Capturas 1,13:30:31,---,---,---,---,---,---,
Capturas 1,13:30:56,---,---,---,---,---,---,
Capturas 1,13:31:21,---,---,---,---,---,---,
Capturas 1,13:31:45,---,---,---,---,---,---,
Capturas 1,13:32:07,---,---,---,---,---,---,
Capturas 1,13:32:31,---,---,---,---,---,---,
Capturas 1,13:32:55,513,9,---,---,---,---,
Capturas 1,13:33:22,---,---,---,---,---,---,
Capturas 1,13:33:51,---,---,---,---,---,---,
Capturas 1,13:34:18,---,---,---,---,---,---,
Capturas 1,13:34:48,---,---,---,---,---,---,
Capturas 1,13:35:17,---,---,---,---,---,---,
Capturas 1,13:35:43,1024,0,Off,---,---,---,
Capturas 1,13:36:07,1050,3,Off,---,---,---,
Capturas 1,13:36:35,---,Off,---,---,---,---,
Capturas 1,13:36:59,1043,2,Off,---,---,---,
Capturas 1,13:37:24,1045,2,---,---,---,---,
Capturas 1,13:37:51,---,---,---,---,---,---,
Capturas 1,13:38:18,---,---,---,---,---,---,
Capturas 1,13:38:44,1048,7,Off,---,---,---,
Capturas 1,13:39:10,1054,6,Off,---,---,---,
Capturas 1,13:39:38,1053,6,Off,---,---,---,
Capturas 1,13:40:07,1052,6,---,---,---,---,
Capturas 1,13:40:33,1054,7,Off,---,---,---,
Capturas 1,13:41:03,---,---,---,---,---,---,
Capturas 1,13:41:25,1052,9,Off,---,---,---,
Capturas 1,13:41:54,1052,0,---,---,---,---,
Capturas 1,13:42:22,---,---,---,---,---,---,
Capturas 1,13:42:49,1052,3,---,---,---,---,
Capturas 1,13:43:15,1052,0,Off,---,---,---,
Capturas 1,13:43:44,---,---,---,---,---,---,
Capturas 1,13:44:11,1051,9,---,---,---,---,
Capturas 1,13:44:41,---,---,---,---,---,---,
Capturas 1,13:45:06,1051,2,---,---,---,---,
Capturas 1,13:45:30,1054,5,Off,---,---,---,
Capturas 1,13:45:56,1065,8,Off,---,---,---,
Capturas 1,13:46:20,1075,2,Off,---,---,---,
Capturas 1,13:46:44,1077,2,Off,---,---,---,
Capturas 1,13:47:10,1084,7,Off,---,---,---,
Capturas 1,13:47:33,1086,6,Off,---,---,---,
Capturas 1,13:48:02,---,---,---,---,---,---,
Capturas 1,13:48:27,1088,0,Off,---,---,---,
Capturas 1,13:48:56,1086,6,---,---,---,---,
Capturas 1,13:49:22,1085,9,Off,---,---,---,
Capturas 1,13:49:53,---,---,---,---,---,---,
Capturas 1,13:50:22,---,---,---,---,---,---,
Capturas 1,13:50:50,1088,2,---,---,---,---,
Capturas 1,13:51:19,---,---,---,---,---,---,
Capturas 1,13:51:45,1093,1,Off,---,---,---,
Capturas 1,13:52:14,1089,7,---,---,---,---,
Capturas 1,13:52:42,---,---,---,---,---,---,
Capturas 1,13:53:09,---,---,---,---,---,---,
Capturas 1,13:53:34,1092,1,---,---,---,---,
Capturas 1,13:53:58,1094,2,Off,---,---,---,
Capturas 1,13:54:29,---,---,---,---,---,---,
Capturas 1,13:54:55,1090,9,Off,---,---,---,
Capturas 1,13:55:27,---,---,---,---,---,---,
Capturas 1,13:55:54,1093,9,---,---,---,---,
Capturas 1,13:56:21,1090,4,---,---,---,---,
Capturas 1,13:56:49,1090,1,---,---,---,---,
Capturas 1,13:57:16,---,---,---,---,---,---,
Capturas 1,13:57:45,---,---,---,---,---,---,
Capturas 1,13:58:10,1091,2,---,---,---,---,
Capturas 1,13:58:37,1093,2,Off,---,---,---,
Capturas 1,13:59:04,1092,6,---,---,---,---,
Capturas 1,13:59:33,---,---,---,---,---,---,
Capturas 1,14:00:00,1092,1,---,---,---,---,
Capturas 1,14:00:27,1091,5,Off,---,---,---,
Capturas 1,14:00:55,1091,5,Off,---,---,---,
Capturas 1,14:01:24,1090,6,---,---,---,---,
Capturas 1,14:01:49,1089,5,---,---,---,---,
Capturas 1,14:02:18,---,---,---,---,---,---,
Capturas 1,14:02:46,1091,1,---,---,---,---,
Capturas 1,14:03:15,---,---,---,---,---,---,
Capturas 1,14:03:42,1092,0,---,---,---,---,
Capturas 1,14:04:10,1092,2,---,---,---,---,
Capturas 1,14:04:37,1090,6,---,---,---,---,
Capturas 1,14:05:02,1092,6,---,---,---,---,
Capturas 1,14:05:28,1089,5,Off,---,---,---,
Capturas 1,14:05:56,1090,0,Off,---,---,---,
Capturas 1,14:06:24,1091,6,Off,---,---,---,
Capturas 1,14:06:50,1092,7,Off,---,---,---,
Capturas 1,14:07:19,---,---,---,---,---,---,
Capturas 1,14:07:45,1091,4,Off,---,---,---,
Capturas 1,14:08:16,---,---,---,---,---,---,
Capturas 1,14:08:43,1091,4,Off,---,---,---,
Capturas 1,14:09:10,1089,4,Off,---,---,---,
Capturas 1,14:09:42,---,---,---,---,---,---,
Capturas 1,14:10:08,1090,1,Off,---,---,---,
Capturas 1,14:10:36,1092,5,Off,---,---,---,
Capturas 1,14:11:04,1090,5,Off,---,---,---,
Capturas 1,14:11:33,---,---,---,---,---,---,
Capturas 1,14:12:00,1089,9,---,---,---,---,
Capturas 1,14:12:27,---,---,---,---,---,---,
Capturas 1,14:12:52,1089,6,---,---,---,---,
Capturas 1,14:13:19,1088,9,Off,---,---,---,
Capturas 1,14:13:50,---,---,---,---,---,---,
Capturas 1,14:14:17,---,---,---,---,---,---,
Capturas 1,14:14:43,1088,7,Off,---,---,---,
Capturas 1,14:15:15,---,---,---,---,---,---,
Capturas 1,14:15:40,1088,4,---,---,---,---,
Capturas 1,14:16:06,1092,1,Off,---,---,---,
Capturas 1,14:16:32,1089,0,Off,---,---,---,
Capturas 1,14:16:59,1088,4,---,---,---,---,
Capturas 1,14:17:23,1089,5,Off,---,---,---,
Capturas 1,14:17:52,1090,2,---,---,---,---,
Capturas 1,14:18:18,1090,0,Off,---,---,---,
Capturas 1,14:18:46,1090,5,Off,---,---,---,
Capturas 1,14:19:14,1091,5,Off,---,---,---,
Capturas 1,14:19:43,1090,0,---,---,---,---,
Capturas 1,14:20:10,1090,2,---,---,---,---,
Capturas 1,14:20:36,1090,1,Off,---,---,---,
Capturas 1,14:21:04,1091,0,Off,---,---,---,
Capturas 1,14:21:33,1094,1,---,---,---,---,
Capturas 1,14:22:01,---,---,---,---,---,---,
Capturas 1,14:22:30,---,---,---,---,---,---,
Capturas 1,14:23:00,---,---,---,---,---,---,
Capturas 1,14:23:29,---,---,---,---,---,---,
Capturas 1,14:23:55,1090,5,Off,---,---,---,
Capturas 1,14:24:23,1091,9,Off,---,---,---,
Capturas 1,14:24:51,1090,9,Off,---,---,---,
Capturas 1,14:25:19,1092,0,Off,---,---,---,
Capturas 1,14:25:47,1089,5,Off,---,---,---,
Capturas 1,14:26:15,1089,5,Off,---,---,---,
Capturas 1,14:26:43,1089,2,Off,---,---,---,
Capturas 1,14:27:11,1088,2,Off,---,---,---,
Capturas 1,14:27:42,---,---,---,---,---,---,
Capturas 1,14:28:08,1089,2,Off,---,---,---,
Capturas 1,14:28:34,1091,2,Off,---,---,---,
Capturas 1,14:29:02,1090,1,Off,---,---,---,
Capturas 1,14:29:33,---,---,---,---,---,---,
Capturas 1,14:30:00,1089,5,---,---,---,---,
Capturas 1,14:30:29,---,---,---,---,---,---,
Capturas 1,14:30:57,1093,2,---,---,---,---,
Capturas 1,14:31:24,---,---,---,---,---,---,
Capturas 1,14:31:50,1090,9,Off,---,---,---,
Capturas 1,14:32:18,1091,0,Off,---,---,---,
Capturas 1,14:32:46,1091,3,Off,---,---,---,
Capturas 1,14:33:15,1091,8,---,---,---,---,
Capturas 1,14:33:41,1092,0,Off,---,---,---,
Capturas 1,14:34:09,1091,9,Off,---,---,---,
Capturas 1,14:34:37,1091,6,Off,---,---,---,
Capturas 1,14:35:05,1091,5,Off,---,---,---,
Capturas 1,14:35:36,---,---,---,---,---,---,
Capturas 1,14:36:02,1090,5,Off,---,---,---,
Capturas 1,14:36:30,1091,4,Off,---,---,---,
Capturas 1,14:37:02,---,---,---,---,---,---,
Capturas 1,14:37:28,1091,0,Off,---,---,---,
Capturas 1,14:37:56,1092,7,Off,---,---,---,
Capturas 1,14:38:25,1090,6,---,---,---,---,
Capturas 1,14:38:51,1090,2,Off,---,---,---,
Capturas 1,14:39:17,1090,6,Off,---,---,---,
Capturas 1,14:39:43,1089,8,Off,---,---,---,
Capturas 1,14:40:10,1090,3,Off,---,---,---,
Capturas 1,14:40:38,1090,5,Off,---,---,---,
Capturas 1,14:41:06,1090,6,Off,---,---,---,
Capturas 1,14:41:34,1090,7,Off,---,---,---,
Capturas 1,14:42:05,---,---,---,---,---,---,
Capturas 1,14:42:33,1091,8,---,---,---,---,
Capturas 1,14:42:59,1090,4,Off,---,---,---,
Capturas 1,14:43:27,1091,1,Off,---,---,---,
Capturas 1,14:43:55,1090,8,Off,---,---,---,
Capturas 1,14:44:23,1094,4,Off,---,---,---,
Capturas 1,14:44:51,1091,2,Off,---,---,---,
Capturas 1,14:45:19,1092,8,Off,---,---,---,
Capturas 1,14:45:46,1092,8,Off,---,---,---,
Capturas 1,14:46:14,1091,3,Off,---,---,---,
Capturas 1,14:46:40,1091,2,Off,---,---,---,
Capturas 1,14:47:08,1091,7,Off,---,---,---,
Capturas 1,14:47:36,1091,7,Off,---,---,---,
Capturas 1,14:48:04,1092,6,Off,---,---,---,
Capturas 1,14:48:32,1091,3,Off,---,---,---,
Capturas 1,14:49:00,1091,9,Off,---,---,---,
Capturas 1,14:49:26,1091,2,Off,---,---,---,
Capturas 1,14:49:54,1098,1,Off,---,---,---,
Capturas 1,14:50:22,1090,9,Off,---,---,---,
Capturas 1,14:50:51,1091,3,---,---,---,---,
Capturas 1,14:51:17,1091,3,Off,---,---,---,
Capturas 1,14:51:45,1090,7,Off,---,---,---,
Capturas 1,14:52:13,1090,9,Off,---,---,---,
Capturas 1,14:52:41,1091,4,Off,---,---,---,
Capturas 1,14:53:08,1091,6,Off,---,---,---,
Capturas 1,14:53:36,1092,0,Off,---,---,---,
Capturas 1,14:54:02,1091,9,Off,---,---,---,
Capturas 1,14:54:30,1092,2,Off,---,---,---,
Capturas 1,14:54:58,1091,9,Off,---,---,---,
Capturas 1,14:55:27,1092,1,---,---,---,---,
Capturas 1,14:55:53,1091,4,Off,---,---,---,
Capturas 1,14:56:21,1091,0,Off,---,---,---,
Capturas 1,14:56:49,1090,4,Off,---,---,---,
Capturas 1,14:57:20,---,---,---,---,---,---,
Capturas 1,14:57:46,1090,7,Off,---,---,---,
Capturas 1,14:58:14,1091,1,Off,---,---,---,
Capturas 1,14:58:46,---,---,---,---,---,---,
Capturas 1,14:59:15,---,---,---,---,---,---,
Capturas 1,14:59:39,1091,4,Off,---,---,---,
Capturas 1,15:00:07,1090,5,Off,---,---,---,
Capturas 1,15:00:35,1091,3,Off,---,---,---,
Capturas 1,15:01:03,1091,7,Off,---,---,---,
Capturas 1,15:01:31,1090,9,Off,---,---,---,
Capturas 1,15:02:02,---,---,---,---,---,---,
Capturas 1,15:02:28,1091,1,Off,---,---,---,
Capturas 1,15:02:57,1090,4,---,---,---,---,
Capturas 1,15:03:26,---,---,---,---,---,---,
Capturas 1,15:03:56,---,---,---,---,---,---,
Capturas 1,15:04:22,1091,3,Off,---,---,---,
Capturas 1,15:04:50,1089,7,Off,---,---,---,
Capturas 1,15:05:18,1090,4,Off,---,---,---,
Capturas 1,15:05:46,1090,7,Off,---,---,---,
Capturas 1,15:06:14,1092,0,Off,---,---,---,
Capturas 1,15:06:43,1094,1,---,---,---,---,
Capturas 1,15:07:09,1090,6,Off,---,---,---,
Capturas 1,15:07:38,1091,1,---,---,---,---,
Capturas 1,15:08:05,1091,5,---,---,---,---,
Capturas 1,15:08:32,1092,1,Off,---,---,---,
Capturas 1,15:09:03,---,---,---,---,---,---,
Capturas 1,15:09:28,1091,2,---,---,---,---,
Capturas 1,15:09:54,1091,7,Off,---,---,---,
Capturas 1,15:10:25,---,---,---,---,---,---,
Capturas 1,15:10:51,1092,2,Off,---,---,---,
Capturas 1,15:11:15,1086,1,Off,---,---,---,
Capturas 1,15:11:45,---,---,---,---,---,---,
Capturas 1,15:12:14,---,---,---,---,---,---,
Capturas 1,15:12:42,---,---,---,---,---,---,
Capturas 1,15:13:08,---,---,---,---,---,---,
Capturas 1,15:13:34,---,---,---,---,---,---,
Capturas 1,15:13:56,---,---,---,---,---,---,
Capturas 1,15:14:22,---,---,---,---,---,---,
Capturas 1,15:14:44,853,3,Off,---,---,---,
Capturas 1,15:15:14,---,---,---,---,---,---,
Capturas 1,15:15:37,798,8,Off,---,---,---,
Capturas 1,15:16:00,---,Off,---,---,---,---,
Capturas 1,15:16:26,907,2,---,---,---,---,
Capturas 1,15:16:51,---,---,---,---,---,---,
Capturas 1,15:17:14,---,Off,---,---,---,---,
Capturas 1,15:17:43,---,---,---,---,---,---,
Capturas 1,15:18:08,---,---,---,---,---,---,
Capturas 1,15:18:36,---,---,---,---,---,---,
Capturas 1,15:19:00,595,6,Off,---,---,---,
Capturas 1,15:19:27,566,6,Off,---,---,---,
Capturas 1,15:19:55,---,---,---,---,---,---,
Capturas 1,15:20:20,---,---,---,---,---,---,
Capturas 1,15:20:43,706,9,Off,---,---,---,
Capturas 1,15:21:10,---,---,---,---,---,---,
Capturas 1,15:21:35,---,---,---,---,---,---,
Capturas 1,15:22:03,---,---,---,---,---,---,
Capturas 1,15:22:31,---,---,---,---,---,---,
Capturas 1,15:22:53,---,Off,---,---,---,---,
Capturas 1,15:23:17,312,5,Off,---,---,---,
Capturas 1,15:23:41,295,7,Off,---,---,---,
Capturas 1,15:24:04,278,1,Off,---,---,---,
Capturas 1,15:24:29,259,6,Off,---,---,---,
Capturas 1,15:24:53,239,4,Off,---,---,---,
Capturas 1,15:25:18,217,7,Off,---,---,---,
Capturas 1,15:25:42,195,5,Off,---,---,---,
Capturas 1,15:26:05,174,1,Off,---,---,---,
Capturas 1,15:26:29,158,7,Off,---,---,---,
Capturas 1,15:26:52,147,5,Off,---,---,---,
Capturas 1,15:27:19,147,4,Off,---,---,---,
Capturas 1,15:27:48,149,3,Off,---,---,---,
Capturas 1,15:28:16,139,4,Off,---,---,---,
Capturas 1,15:28:45,117,2,---,---,---,---,
Capturas 1,15:29:11,112,3,Off,---,---,---,
Capturas 1,15:29:39,93,9,Off,---,---,---,
Capturas 1,15:30:07,68,2,Off,---,---,---,
Capturas 1,15:30:35,62,3,Off,---,---,---,
Capturas 1,15:31:03,64,9,Off,---,---,---,
Capturas 1,15:31:31,55,8,Off,---,---,---,
Capturas 1,15:32:03,---,---,---,---,---,---,
Capturas 1,15:32:32,---,---,---,---,---,---,
Capturas 1,15:33:02,---,---,---,---,---,---,
Capturas 1,15:33:27,37,5,Off,---,---,---,
Capturas 1,15:33:54,32,8,Off,---,---,---,
Capturas 1,15:34:27,---,---,---,---,---,---,
Capturas 1,15:34:52,20,3,Off,---,---,---,
Capturas 1,15:35:20,16,4,Off,---,---,---,
Capturas 1,15:35:48,12,5,Off,---,---,---,
Capturas 1,15:36:20,---,---,---,---,---,---,
Capturas 1,15:36:50,---,---,---,---,---,---,
Capturas 1,15:37:19,---,---,---,---,---,---,
Capturas 1,15:37:48,---,---,---,---,---,---,
Capturas 1,15:38:18,---,---,---,---,---,---,
Capturas 1,15:38:47,---,---,---,---,---,---,
Capturas 1,15:39:17,---,---,---,---,---,---,
Capturas 1,15:39:46,---,---,---,---,---,---,
Capturas 1,15:40:15,---,---,---,---,---,---,
Capturas 1,15:40:45,---,---,---,---,---,---,
Capturas 1,15:41:14,---,---,---,---,---,---,
Capturas 1,15:41:43,---,---,---,---,---,---,
Capturas 1,15:42:13,---,---,---,---,---,---,
Capturas 1,15:42:42,---,---,---,---,---,---,
Capturas 1,15:43:12,---,---,---,---,---,---,
Capturas 1,15:43:41,---,---,---,---,---,---,
Capturas 1,15:44:10,---,---,---,---,---,---,
Capturas 1,15:44:40,---,---,---,---,---,---,
Capturas 1,15:45:09,---,---,---,---,---,---,
Capturas 1,15:45:39,---,---,---,---,---,---,
Capturas 1,15:46:08,---,---,---,---,---,---,
Capturas 1,15:46:37,---,---,---,---,---,---,
Capturas 1,15:47:07,---,---,---,---,---,---,
Capturas 1,15:47:36,---,---,---,---,---,---,
Capturas 1,15:48:05,---,---,---,---,---,---,
Capturas 1,15:48:35,---,---,---,---,---,---,
Capturas 1,15:49:04,---,---,---,---,---,---,
Capturas 1,15:49:34,---,---,---,---,---,---,
Capturas 1,15:50:03,---,---,---,---,---,---,
Capturas 1,15:50:32,---,---,---,---,---,---,
Capturas 1,15:51:02,---,---,---,---,---,---,
Capturas 1,15:51:31,---,---,---,---,---,---,
Capturas 1,15:52:00,---,---,---,---,---,---,
Capturas 1,15:52:30,---,---,---,---,---,---,
Capturas 1,15:52:59,---,---,---,---,---,---,
Capturas 1,15:53:29,---,---,---,---,---,---,
Capturas 1,15:53:58,---,---,---,---,---,---,
Capturas 1,15:54:27,---,---,---,---,---,---,
Capturas 1,15:54:57,---,---,---,---,---,---,
Capturas 1,15:55:26,---,---,---,---,---,---,
Capturas 1,15:55:51,63,8,Off,---,---,---,
Capturas 1,15:56:23,---,---,---,---,---,---,
Capturas 1,15:56:48,136,0,Off,---,---,---,
Capturas 1,15:57:16,149,7,Off,---,---,---,
Capturas 1,15:57:44,155,3,Off,---,---,---,
Capturas 1,15:58:12,---,---,---,---,---,---,
Capturas 1,15:58:33,188,1,Off,---,---,---,
Capturas 1,15:59:01,---,---,---,---,---,---,
Capturas 1,15:59:24,---,---,---,---,---,---,
Capturas 1,15:59:50,---,---,---,---,---,---,
Capturas 1,16:00:17,---,---,---,---,---,---,
Capturas 1,16:00:47,---,---,---,---,---,---,
Capturas 1,16:01:16,---,---,---,---,---,---,
Capturas 1,16:01:45,---,---,---,---,---,---,
Capturas 1,16:02:15,---,---,---,---,---,---,
Capturas 1,16:02:41,803,1,Off,---,---,---,
Capturas 1,16:03:08,---,---,---,---,---,---,
Capturas 1,16:03:34,813,1,Off,---,---,---,
Capturas 1,16:04:02,813,7,Off,---,---,---,
Capturas 1,16:04:29,815,7,Off,---,---,---,
Capturas 1,16:04:57,821,6,Off,---,---,---,
Capturas 1,16:05:29,---,---,---,---,---,---,
Capturas 1,16:05:56,821,6,---,---,---,---,
Capturas 1,16:06:22,822,7,Off,---,---,---,
Capturas 1,16:06:51,825,4,---,---,---,---,
Capturas 1,16:07:17,824,7,Off,---,---,---,
Capturas 1,16:07:43,824,5,Off,---,---,---,
Capturas 1,16:08:09,825,2,Off,---,---,---,
Capturas 1,16:08:35,823,9,---,---,---,---,
Capturas 1,16:08:57,824,4,Off,---,---,---,
Capturas 1,16:09:26,824,9,---,---,---,---,
Capturas 1,16:09:52,824,1,Off,---,---,---,
Capturas 1,16:10:18,824,4,Off,---,---,---,
Capturas 1,16:10:43,824,6,Off,---,---,---,
Capturas 1,16:11:11,824,8,Off,---,---,---,
Capturas 1,16:11:41,825,0,---,---,---,---,
Capturas 1,16:12:07,824,6,Off,---,---,---,
Capturas 1,16:12:36,---,---,---,---,---,---,
Capturas 1,16:13:02,825,4,Off,---,---,---,
Capturas 1,16:13:30,825,6,Off,---,---,---,
Capturas 1,16:13:58,825,8,Off,---,---,---,
Capturas 1,16:14:23,826,5,Off,---,---,---,
Capturas 1,16:14:51,826,2,Off,---,---,---,
Capturas 1,16:15:17,826,6,Off,---,---,---,
Capturas 1,16:15:40,827,3,Off,---,---,---,
Capturas 1,16:16:08,826,5,Off,---,---,---,
Capturas 1,16:16:34,827,3,Off,---,---,---,
Capturas 1,16:17:02,827,0,Off,---,---,---,
Capturas 1,16:17:30,827,5,Off,---,---,---,
Capturas 1,16:17:58,827,9,Off,---,---,---,
Capturas 1,16:18:26,835,9,Off,---,---,---,
Capturas 1,16:18:52,836,7,Off,---,---,---,
Capturas 1,16:19:20,836,7,Off,---,---,---,
Capturas 1,16:19:48,836,8,Off,---,---,---,
Capturas 1,16:20:16,837,9,Off,---,---,---,
Capturas 1,16:20:44,---,---,---,---,---,---,
Capturas 1,16:21:12,867,7,Off,---,---,---,
Capturas 1,16:21:41,873,2,---,---,---,---,
Capturas 1,16:22:07,873,1,Off,---,---,---,
Capturas 1,16:22:35,873,6,Off,---,---,---,
Capturas 1,16:23:03,873,1,Off,---,---,---,
Capturas 1,16:23:28,873,7,Off,---,---,---,
Capturas 1,16:23:58,---,---,---,---,---,---,
Capturas 1,16:24:23,874,7,Off,---,---,---,
Capturas 1,16:24:51,873,9,Off,---,---,---,
Capturas 1,16:25:20,875,2,---,---,---,---,
Capturas 1,16:25:46,873,0,Off,---,---,---,
Capturas 1,16:26:14,873,8,Off,---,---,---,
Capturas 1,16:26:42,873,4,Off,---,---,---,
Capturas 1,16:27:10,874,0,Off,---,---,---,
Capturas 1,16:27:36,873,7,Off,---,---,---,
Capturas 1,16:28:04,873,7,Off,---,---,---,
Capturas 1,16:28:32,873,8,Off,---,---,---,
Capturas 1,16:29:00,874,1,Off,---,---,---,
Capturas 1,16:29:29,876,4,---,---,---,---,
Capturas 1,16:29:55,874,1,Off,---,---,---,
Capturas 1,16:30:23,874,2,Off,---,---,---,
Capturas 1,16:30:51,873,9,Off,---,---,---,
Capturas 1,16:31:19,873,7,Off,---,---,---,
Capturas 1,16:31:44,873,6,Off,---,---,---,
Capturas 1,16:32:12,873,6,Off,---,---,---,
Capturas 1,16:32:38,874,0,Off,---,---,---,
Capturas 1,16:33:06,873,8,Off,---,---,---,
Capturas 1,16:33:35,874,1,---,---,---,---,
Capturas 1,16:34:01,874,2,Off,---,---,---,
Capturas 1,16:34:27,873,6,Off,---,---,---,
Capturas 1,16:34:55,873,7,Off,---,---,---,
Capturas 1,16:35:20,874,4,Off,---,---,---,
Capturas 1,16:35:48,874,4,Off,---,---,---,
Capturas 1,16:36:16,874,6,Off,---,---,---,
Capturas 1,16:36:44,875,7,Off,---,---,---,
Capturas 1,16:37:10,877,4,Off,---,---,---,
Capturas 1,16:37:39,874,6,---,---,---,---,
Capturas 1,16:38:05,874,2,Off,---,---,---,
Capturas 1,16:38:33,874,6,Off,---,---,---,
Capturas 1,16:39:01,875,1,Off,---,---,---,
Capturas 1,16:39:29,874,5,Off,---,---,---,
Capturas 1,16:39:57,875,0,Off,---,---,---,
Capturas 1,16:40:25,875,0,Off,---,---,---,
Capturas 1,16:40:56,---,---,---,---,---,---,
Capturas 1,16:41:23,876,5,---,---,---,---,
Capturas 1,16:41:49,875,9,Off,---,---,---,
Capturas 1,16:42:18,875,6,---,---,---,---,
Capturas 1,16:42:48,---,---,---,---,---,---,
Capturas 1,16:43:14,875,4,Off,---,---,---,
Capturas 1,16:43:42,874,7,Off,---,---,---,
Capturas 1,16:44:10,876,6,Off,---,---,---,
Capturas 1,16:44:39,874,5,---,---,---,---,
Capturas 1,16:45:05,875,9,Off,---,---,---,
Capturas 1,16:45:34,874,6,---,---,---,---,
Capturas 1,16:46:03,---,---,---,---,---,---,
Capturas 1,16:46:29,874,8,Off,---,---,---,
Capturas 1,16:47:01,---,---,---,---,---,---,
Capturas 1,16:47:27,875,4,Off,---,---,---,
Capturas 1,16:47:55,874,9,Off,---,---,---,
Capturas 1,16:48:24,876,5,---,---,---,---,
Capturas 1,16:48:50,875,0,Off,---,---,---,
Capturas 1,16:49:21,---,---,---,---,---,---,
Capturas 1,16:49:47,875,2,Off,---,---,---,
Capturas 1,16:50:18,---,---,---,---,---,---,
Capturas 1,16:50:45,880,5,---,---,---,---,
Capturas 1,16:51:12,875,7,Off,---,---,---,
Capturas 1,16:51:39,874,6,Off,---,---,---,
Capturas 1,16:52:07,875,0,Off,---,---,---,
Capturas 1,16:52:35,875,1,Off,---,---,---,
Capturas 1,16:53:03,875,3,Off,---,---,---,
Capturas 1,16:53:31,876,4,Off,---,---,---,
Capturas 1,16:54:00,875,8,---,---,---,---,
Capturas 1,16:54:26,875,7,Off,---,---,---,
Capturas 1,16:54:54,875,2,Off,---,---,---,
Capturas 1,16:55:22,875,6,Off,---,---,---,
Capturas 1,16:55:50,876,5,Off,---,---,---,
Capturas 1,16:56:18,879,7,Off,---,---,---,
Capturas 1,16:56:46,875,7,Off,---,---,---,
Capturas 1,16:57:14,875,0,Off,---,---,---,
Capturas 1,16:57:45,---,---,---,---,---,---,
Capturas 1,16:58:12,875,3,---,---,---,---,
Capturas 1,16:58:38,875,9,Off,---,---,---,
Capturas 1,16:59:06,875,8,Off,---,---,---,
Capturas 1,16:59:34,874,4,Off,---,---,---,
Capturas 1,17:00:02,874,9,Off,---,---,---,
Capturas 1,17:00:30,874,7,Off,---,---,---,
Capturas 1,17:01:02,---,---,---,---,---,---,
Capturas 1,17:01:28,875,1,Off,---,---,---,
Capturas 1,17:01:56,874,9,Off,---,---,---,
Capturas 1,17:02:27,---,---,---,---,---,---,
Capturas 1,17:02:53,875,8,Off,---,---,---,
Capturas 1,17:03:21,875,3,Off,---,---,---,
Capturas 1,17:03:52,---,---,---,---,---,---,
Capturas 1,17:04:18,875,6,Off,---,---,---,
Capturas 1,17:04:46,875,9,Off,---,---,---,
Capturas 1,17:05:14,875,2,Off,---,---,---,
Capturas 1,17:05:42,874,4,Off,---,---,---,
Capturas 1,17:06:11,874,4,---,---,---,---,
Capturas 1,17:06:37,875,6,Off,---,---,---,
Capturas 1,17:07:05,876,6,Off,---,---,---,
Capturas 1,17:07:33,875,1,Off,---,---,---,
Capturas 1,17:08:01,875,1,Off,---,---,---,
Capturas 1,17:08:29,876,0,Off,---,---,---,
Capturas 1,17:08:57,875,3,Off,---,---,---,
Capturas 1,17:09:28,---,---,---,---,---,---,
Capturas 1,17:09:54,875,4,Off,---,---,---,
Capturas 1,17:10:22,875,4,Off,---,---,---,
Capturas 1,17:10:50,875,5,Off,---,---,---,
Capturas 1,17:11:15,875,3,Off,---,---,---,
Capturas 1,17:11:45,875,5,---,---,---,---,
Capturas 1,17:12:11,875,2,Off,---,---,---,
Capturas 1,17:12:39,875,2,Off,---,---,---,
Capturas 1,17:13:10,---,---,---,---,---,---,
Capturas 1,17:13:36,875,9,Off,---,---,---,
Capturas 1,17:14:04,875,1,Off,---,---,---,
Capturas 1,17:14:32,876,2,Off,---,---,---,
Capturas 1,17:15:01,880,7,---,---,---,---,
Capturas 1,17:15:27,875,2,Off,---,---,---,
Capturas 1,17:15:55,875,7,Off,---,---,---,
Capturas 1,17:16:23,876,2,Off,---,---,---,
Capturas 1,17:16:52,874,9,---,---,---,---,
Capturas 1,17:17:18,875,0,Off,---,---,---,
Capturas 1,17:17:47,879,0,---,---,---,---,
Capturas 1,17:18:13,875,4,Off,---,---,---,
Capturas 1,17:18:41,874,8,Off,---,---,---,
Capturas 1,17:19:09,876,5,Off,---,---,---,
Capturas 1,17:19:38,875,0,---,---,---,---,
Capturas 1,17:20:04,877,7,Off,---,---,---,
Capturas 1,17:20:33,874,7,---,---,---,---,
Capturas 1,17:20:59,875,1,Off,---,---,---,
Capturas 1,17:21:27,878,0,Off,---,---,---,
Capturas 1,17:21:55,875,2,Off,---,---,---,
Capturas 1,17:22:23,875,3,Off,---,---,---,
Capturas 1,17:22:51,875,6,Off,---,---,---,
Capturas 1,17:23:19,875,2,Off,---,---,---,
Capturas 1,17:23:48,877,2,---,---,---,---,
Capturas 1,17:24:14,875,7,Off,---,---,---,
Capturas 1,17:24:42,875,7,Off,---,---,---,
Capturas 1,17:25:11,879,4,---,---,---,---,
Capturas 1,17:25:41,---,---,---,---,---,---,
Capturas 1,17:26:07,875,2,Off,---,---,---,
Capturas 1,17:26:36,876,2,---,---,---,---,
Capturas 1,17:27:02,875,3,Off,---,---,---,
Capturas 1,17:27:30,875,7,Off,---,---,---,
Capturas 1,17:27:58,878,0,Off,---,---,---,
Capturas 1,17:28:26,875,1,Off,---,---,---,
Capturas 1,17:28:54,875,3,Off,---,---,---,
Capturas 1,17:29:22,880,7,Off,---,---,---,
Capturas 1,17:29:50,875,1,Off,---,---,---,
Capturas 1,17:30:18,875,7,Off,---,---,---,
Capturas 1,17:30:46,876,1,Off,---,---,---,
Capturas 1,17:31:17,---,---,---,---,---,---,
Capturas 1,17:31:43,875,8,Off,---,---,---,
Capturas 1,17:32:11,876,1,Off,---,---,---,
Capturas 1,17:32:40,874,9,---,---,---,---,
Capturas 1,17:33:06,874,3,Off,---,---,---,
Capturas 1,17:33:34,873,9,Off,---,---,---,
Capturas 1,17:34:02,873,6,Off,---,---,---,
Capturas 1,17:34:30,873,7,Off,---,---,---,
Capturas 1,17:34:59,873,4,---,---,---,---,
Capturas 1,17:35:25,873,8,Off,---,---,---,
Capturas 1,17:35:53,874,2,Off,---,---,---,
Capturas 1,17:36:21,874,5,Off,---,---,---,
Capturas 1,17:36:49,874,1,Off,---,---,---,
Capturas 1,17:37:18,874,8,---,---,---,---,
Capturas 1,17:37:44,874,4,Off,---,---,---,
Capturas 1,17:38:12,874,7,Off,---,---,---,
Capturas 1,17:38:40,875,4,Off,---,---,---,
Capturas 1,17:39:08,875,1,Off,---,---,---,
Capturas 1,17:39:36,875,4,Off,---,---,---,
Capturas 1,17:40:05,879,7,---,---,---,---,
Capturas 1,17:40:32,874,7,---,---,---,---,
Capturas 1,17:40:58,875,1,Off,---,---,---,
Capturas 1,17:41:27,876,4,---,---,---,---,
Capturas 1,17:41:53,874,7,Off,---,---,---,
Capturas 1,17:42:22,875,6,---,---,---,---,
Capturas 1,17:42:48,875,9,Off,---,---,---,
Capturas 1,17:43:16,875,9,Off,---,---,---,
Capturas 1,17:43:44,875,9,Off,---,---,---,
Capturas 1,17:44:13,875,4,---,---,---,---,
Capturas 1,17:44:39,875,7,Off,---,---,---,
Capturas 1,17:45:11,---,---,---,---,---,---,
Capturas 1,17:45:38,877,4,---,---,---,---,
Capturas 1,17:46:04,875,4,Off,---,---,---,
Capturas 1,17:46:32,877,2,Off,---,---,---,
Capturas 1,17:47:00,875,2,Off,---,---,---,
Capturas 1,17:47:28,877,3,Off,---,---,---,
Capturas 1,17:47:56,875,5,Off,---,---,---,
Capturas 1,17:48:23,875,6,Off,---,---,---,
Capturas 1,17:48:51,876,0,Off,---,---,---,
Capturas 1,17:49:19,875,1,Off,---,---,---,
Capturas 1,17:49:48,874,6,---,---,---,---,
Capturas 1,17:50:14,879,9,Off,---,---,---,
Capturas 1,17:50:42,878,6,Off,---,---,---,
Capturas 1,17:51:10,875,8,Off,---,---,---,
Capturas 1,17:51:39,875,7,---,---,---,---,
Capturas 1,17:52:06,876,9,Off,---,---,---,
Capturas 1,17:52:35,878,0,---,---,---,---,
Capturas 1,17:53:02,876,2,---,---,---,---,
Capturas 1,17:53:28,875,9,Off,---,---,---,
Capturas 1,17:53:57,876,1,---,---,---,---,
Capturas 1,17:54:20,871,2,Off,---,---,---,
Capturas 1,17:54:47,---,---,---,---,---,---,
Capturas 1,17:55:16,---,---,---,---,---,---,
Capturas 1,17:55:44,---,---,---,---,---,---,
Capturas 1,17:56:10,---,---,---,---,---,---,
Capturas 1,17:56:38,---,---,---,---,---,---,
Capturas 1,17:57:04,---,---,---,---,---,---,
Capturas 1,17:57:31,---,---,---,---,---,---,
Capturas 1,17:57:52,---,---,---,---,---,---,
Capturas 1,17:58:19,573,5,Off,---,---,---,
Capturas 1,17:58:46,---,---,---,---,---,---,
Capturas 1,17:59:09,509,7,Off,---,---,---,
Capturas 1,17:59:35,---,---,---,---,---,---,
Capturas 1,17:59:56,449,8,Off,---,---,---,
Capturas 1,18:00:21,417,5,Off,---,---,---,
Capturas 1,18:00:45,386,8,Off,---,---,---,
Capturas 1,18:01:10,354,4,Off,---,---,---,
Capturas 1,18:01:32,---,Off,---,---,---,---,
